{"initial_reset_timestamp": 1677332175.78709, "timestamps": [1677332180.9181027, 1677332186.0980132, 1677332186.2830606, 1677332186.324191, 1677332186.3680255, 1677332186.4060898, 1677332186.4633858, 1677332186.5040956, 1677332191.9883974, 1677332192.1849961, 1677332192.2481134, 1677332192.322627, 1677332192.3836641, 1677332192.438965, 1677332192.5077312, 1677332192.5699532, 1677332192.6227787, 1677332192.6676059, 1677332192.7226043, 1677332192.7923856, 1677332192.8593793, 1677332192.9243746, 1677332193.023462, 1677332193.0720992, 1677332193.1373515, 1677332193.1873536, 1677332193.2332916, 1677332198.1946218, 1677332198.3521466, 1677332198.389392, 1677332198.4071667, 1677332198.4472396, 1677332198.484324, 1677332198.5222704, 1677332198.576587, 1677332198.6398718, 1677332198.7001565, 1677332198.76267, 1677332198.8175516, 1677332198.912845, 1677332199.0104954, 1677332199.0532043, 1677332199.0953119, 1677332199.1430297, 1677332199.1833777, 1677332199.2448907, 1677332199.2876904, 1677332199.3726974, 1677332199.4126875, 1677332199.457699, 1677332199.5025787, 1677332199.5476184, 1677332199.5830598, 1677332199.6430552, 1677332199.694242, 1677332199.7472525, 1677332199.81625, 1677332199.873454, 1677332199.9189684, 1677332199.952113, 1677332200.0026314, 1677332200.037176, 1677332200.1034853, 1677332200.1489139, 1677332205.353899, 1677332205.5245793, 1677332205.5577269, 1677332205.5891092, 1677332205.6460242, 1677332205.698177, 1677332205.73447, 1677332205.7991438, 1677332205.855293, 1677332205.8888745, 1677332205.9278111, 1677332205.969704, 1677332206.0498059, 1677332206.144885, 1677332206.1997156, 1677332206.2339368, 1677332206.2951221, 1677332206.3277373, 1677332206.3924253, 1677332206.4274037, 1677332206.4974654, 1677332206.5673966, 1677332206.6323571, 1677332206.6923068, 1677332206.7321153, 1677332206.7738345, 1677332206.817393, 1677332206.8486292, 1677332206.8920019, 1677332206.9485722, 1677332206.982352, 1677332207.022352, 1677332207.0842545, 1677332207.1437743, 1677332207.1787767, 1677332207.2435858, 1677332207.2952, 1677332207.3274322, 1677332207.3734407, 1677332207.428125, 1677332207.4819748, 1677332207.5201561, 1677332207.5583167, 1677332207.5998995, 1677332207.643212, 1677332207.69199, 1677332207.7224476, 1677332207.7635646, 1677332207.8021798, 1677332207.8423529, 1677332207.8773894, 1677332207.9171498, 1677332207.9520705, 1677332207.9920974, 1677332208.0273073, 1677332208.0724053, 1677332208.1220891, 1677332208.1571069, 1677332208.1922522, 1677332208.2222545, 1677332208.2575233, 1677332213.2127838, 1677332213.387577, 1677332213.417628, 1677332213.4573805, 1677332213.4837983, 1677332213.5177805, 1677332213.5526643, 1677332213.6174357, 1677332213.6785314, 1677332213.722355, 1677332213.7874284, 1677332213.8274283, 1677332213.8734865, 1677332213.933491, 1677332213.9672694, 1677332214.0022678, 1677332214.0522594, 1677332214.0928319, 1677332214.1421154, 1677332214.1771123, 1677332214.2121184, 1677332214.2421162, 1677332214.2721157, 1677332214.3176253, 1677332214.372347, 1677332214.4224777, 1677332214.4573348, 1677332214.4921021, 1677332214.5322301, 1677332214.5673862, 1677332214.6233535, 1677332214.693496, 1677332214.7483275, 1677332214.7870345, 1677332214.8273163, 1677332214.862315, 1677332214.917275, 1677332214.9335582, 1677332214.966954, 1677332215.0024722, 1677332215.052164, 1677332215.087334, 1677332215.1421828, 1677332215.1932602, 1677332215.228269, 1677332215.268629, 1677332215.31359, 1677332215.3561916, 1677332215.4125776, 1677332215.4671373, 1677332215.5072505, 1677332215.537302, 1677332215.5723019, 1677332215.609079, 1677332215.6469064, 1677332215.6869102, 1677332215.7523725, 1677332215.787341, 1677332215.823938, 1677332215.8574893, 1677332215.902485, 1677332215.9621434, 1677332215.992107, 1677332216.0372183, 1677332216.0724757, 1677332216.1174428, 1677332216.1571624, 1677332216.191989, 1677332216.2272067, 1677332216.2790034, 1677332216.3221526, 1677332216.36752, 1677332216.4119935, 1677332216.4519851, 1677332216.487046], "episode_lengths": [200, 200, 200, 200, 200, 200, 200, 200, 200, 200, 200, 200, 200, 200, 200, 200, 200, 200, 200, 200, 200, 200, 200, 200, 200, 200, 200, 200, 200, 200, 134, 200, 200, 200, 200, 200, 200, 200, 200, 200, 200, 200, 200, 200, 200, 200, 200, 200, 200, 200, 200, 200, 200, 200, 200, 200, 200, 200, 200, 197, 200, 200, 200, 200, 200, 200, 200, 200, 200, 200, 200, 200, 200, 200, 200, 200, 200, 200, 200, 200, 200, 200, 200, 200, 200, 200, 200, 200, 200, 200, 200, 200, 200, 170, 200, 200, 200, 200, 200, 200, 200, 200, 185, 200, 200, 200, 200, 200, 200, 200, 200, 200, 200, 200, 200, 131, 200, 200, 200, 200, 200, 200, 200, 154, 200, 200, 200, 200, 200, 163, 200, 200, 200, 200, 200, 200, 200, 200, 200, 200, 200, 200, 200, 200, 200, 200, 200, 148, 200, 200, 200, 200, 200, 200, 200, 200, 200, 200, 200, 200, 200, 200, 99, 200, 200, 200, 200, 200, 200, 200, 200, 200, 200, 200, 200, 200, 200, 200, 200, 200, 200, 200, 200, 200, 200, 200, 200, 200, 200, 200, 200, 200, 200, 200, 200, 200, 200, 200, 200, 200], "episode_rewards": [200.0, 200.0, 200.0, 200.0, 200.0, 200.0, 200.0, 200.0, 200.0, 200.0, 200.0, 200.0, 200.0, 200.0, 200.0, 200.0, 200.0, 200.0, 200.0, 200.0, 200.0, 200.0, 200.0, 200.0, 200.0, 200.0, 200.0, 200.0, 200.0, 200.0, 134.0, 200.0, 200.0, 200.0, 200.0, 200.0, 200.0, 200.0, 200.0, 200.0, 200.0, 200.0, 200.0, 200.0, 200.0, 200.0, 200.0, 200.0, 200.0, 200.0, 200.0, 200.0, 200.0, 200.0, 200.0, 200.0, 200.0, 200.0, 200.0, 197.0, 200.0, 200.0, 200.0, 200.0, 200.0, 200.0, 200.0, 200.0, 200.0, 200.0, 200.0, 200.0, 200.0, 200.0, 200.0, 200.0, 200.0, 200.0, 200.0, 200.0, 200.0, 200.0, 200.0, 200.0, 200.0, 200.0, 200.0, 200.0, 200.0, 200.0, 200.0, 200.0, 200.0, 170.0, 200.0, 200.0, 200.0, 200.0, 200.0, 200.0, 200.0, 200.0, 185.0, 200.0, 200.0, 200.0, 200.0, 200.0, 200.0, 200.0, 200.0, 200.0, 200.0, 200.0, 200.0, 131.0, 200.0, 200.0, 200.0, 200.0, 200.0, 200.0, 200.0, 154.0, 200.0, 200.0, 200.0, 200.0, 200.0, 163.0, 200.0, 200.0, 200.0, 200.0, 200.0, 200.0, 200.0, 200.0, 200.0, 200.0, 200.0, 200.0, 200.0, 200.0, 200.0, 200.0, 200.0, 148.0, 200.0, 200.0, 200.0, 200.0, 200.0, 200.0, 200.0, 200.0, 200.0, 200.0, 200.0, 200.0, 200.0, 200.0, 99.0, 200.0, 200.0, 200.0, 200.0, 200.0, 200.0, 200.0, 200.0, 200.0, 200.0, 200.0, 200.0, 200.0, 200.0, 200.0, 200.0, 200.0, 200.0, 200.0, 200.0, 200.0, 200.0, 200.0, 200.0, 200.0, 200.0, 200.0, 200.0, 200.0, 200.0, 200.0, 200.0, 200.0, 200.0, 200.0, 200.0, 200.0], "episode_types": ["t", "t", "t", "t", "t", "t", "t", "t", "t", "t", "t", "t", "t", "t", "t", "t", "t", "t", "t", "t", "t", "t", "t", "t", "t", "t", "t", "t", "t", "t", "t", "t", "t", "t", "t", "t", "t", "t", "t", "t", "t", "t", "t", "t", "t", "t", "t", "t", "t", "t", "t", "t", "t", "t", "t", "t", "t", "t", "t", "t", "t", "t", "t", "t", "t", "t", "t", "t", "t", "t", "t", "t", "t", "t", "t", "t", "t", "t", "t", "t", "t", "t", "t", "t", "t", "t", "t", "t", "t", "t", "t", "t", "t", "t", "t", "t", "t", "t", "t", "t", "t", "t", "t", "t", "t", "t", "t", "t", "t", "t", "t", "t", "t", "t", "t", "t", "t", "t", "t", "t", "t", "t", "t", "t", "t", "t", "t", "t", "t", "t", "t", "t", "t", "t", "t", "t", "t", "t", "t", "t", "t", "t", "t", "t", "t", "t", "t", "t", "t", "t", "t", "t", "t", "t", "t", "t", "t", "t", "t", "t", "t", "t", "t", "t", "t", "t", "t", "t", "t", "t", "t", "t", "t", "t", "t", "t", "t", "t", "t", "t", "t", "t", "t", "t", "t", "t", "t", "t", "t", "t", "t", "t", "t", "t", "t", "t", "t", "t", "t", "t"]}